2025-10-21_14-20-36,None,draft.py:2025-10-21_14-20-36
2025-10-23_12-50-10,None,draft.py:2025-10-23_12-50-10
2025-10-23_12-50-13,None,draft.py:2025-10-23_12-50-10
2025-10-23_12-51-20,None,draft.py:2025-10-23_12-51-20
2025-10-23_12-51-22,None,draft.py:2025-10-23_12-51-20
2025-10-23_12-54-06,None,draft.py:2025-10-23_12-54-06
2025-10-23_12-54-09,None,draft.py:2025-10-23_12-54-06
2025-10-23_12-54-10,None,draft.py:2025-10-23_12-54-06
2025-10-23_12-54-10,None,draft.py:2025-10-23_12-54-06
2025-10-23_12-54-39,None,draft.py:2025-10-23_12-54-39
2025-10-23_12-54-51,None,draft.py:2025-10-23_12-54-51
2025-10-23_12-56-29,None,draft.py:2025-10-23_12-56-29
2025-10-23_12-58-49,None,draft.py:2025-10-23_12-58-49
