2025-10-23_13-03-24,None,draft.py:2025-10-23_13-03-24
2025-10-23_13-10-39,None,draft.py:2025-10-23_13-10-39
2025-10-23_13-10-41,None,draft.py:2025-10-23_13-10-39
2025-10-23_13-11-12,None,draft.py:2025-10-23_13-11-12
2025-10-23_13-13-54,None,draft.py:2025-10-23_13-13-54
2025-10-23_13-13-58,None,draft.py:2025-10-23_13-13-54
2025-10-23_13-16-06,None,draft.py:2025-10-23_13-13-54
2025-10-23_13-16-08,None,draft.py:2025-10-23_13-13-54
2025-10-23_13-16-29,None,draft.py:2025-10-23_13-16-29
2025-10-23_13-16-58,None,draft.py:2025-10-23_13-16-58
2025-10-23_13-17-02,None,draft.py:2025-10-23_13-16-58
